mentalHealth,score_percent
No,85.52875695732838
Yes,87.07482993197279
